kategori,siparis_sayisi,ciro,ciro_payi_yuzde,ort_urun_fiyati,ort_musteri_puani
health_beauty,8610,1229557.5,9.33,130.5,4.19
watches_gifts,5491,1163465.91,8.83,198.71,4.07
bed_bath_table,9267,1022955.77,7.76,93.46,3.92
sports_leisure,7513,952840.4,7.23,113.24,4.17
computers_accessories,6518,888055.59,6.74,116.36,3.99
furniture_decor,6258,706237.17,5.36,87.24,3.96
housewares,5734,614341.62,4.66,90.57,4.11
cool_stuff,3552,609158.0,4.62,164.15,4.2
auto,3802,577838.39,4.38,139.84,4.12
garden_tools,3443,469135.4,3.56,110.05,4.08
toys,3782,467179.98,3.54,116.62,4.21
baby,2800,399050.67,3.03,134.32,4.08
perfumery,3060,385315.55,2.92,116.37,4.22
telephony,4086,309631.94,2.35,70.02,3.99
office_furniture,1248,266853.43,2.02,160.56,3.52
stationery,2264,223788.69,1.7,90.75,4.25
computers,177,218684.14,1.66,1098.92,4.22
pet_shop,1684,211005.96,1.6,109.9,4.22
musical_instruments,611,184315.74,1.4,283.13,4.22
small_appliances,609,182754.12,1.39,277.74,4.23
unknown,1410,175901.32,1.33,112.97,3.93
electronics,2516,154935.94,1.18,56.79,4.07
fashion_bags_accessories,1812,148945.19,1.13,75.38,4.2
consoles_games,1011,144384.01,1.1,133.44,4.14
construction_tools_construction,736,142108.49,1.08,155.14,4.09
luggage_accessories,1019,138701.63,1.05,128.79,4.35
home_appliances_2,227,107953.95,0.82,467.33,4.16
home_construction,483,81407.57,0.62,136.59,3.96
home_appliances,747,78832.48,0.6,104.55,4.22
agro_industry_and_commerce,177,70566.1,0.54,342.55,4.09
furniture_living_room,414,67350.7,0.51,136.06,3.93
home_confort,392,58008.45,0.44,135.22,3.85
fixed_telephony,207,54610.33,0.41,218.44,3.75
air_conditioning,242,51974.27,0.39,184.96,4.04
audio,346,50413.61,0.38,140.04,3.83
small_appliances_home_oven_and_coffee,72,46589.56,0.35,638.21,4.44
kitchen_dining_laundry_garden_furniture,241,45531.98,0.35,166.18,4.03
books_general_interest,496,45302.15,0.34,84.36,4.51
construction_tools_lights,242,39957.0,0.3,132.75,4.08
construction_tools_safety,159,38773.22,0.29,211.88,3.97
industry_commerce_and_business,229,38139.21,0.29,146.13,4.12
food,440,28651.25,0.22,57.53,4.26
market_place,269,26880.48,0.2,91.43,4.04
costruction_tools_garden,190,25096.28,0.19,108.17,4.12
art,195,23657.3,0.18,120.09,4.08
fashion_shoes,234,22971.47,0.17,89.73,4.29
drinks,287,21529.84,0.16,59.64,4.12
signaling_and_security,138,21315.05,0.16,108.2,4.09
furniture_bedroom,90,19051.8,0.14,184.97,4.25
books_technical,256,18702.23,0.14,71.11,4.39
costruction_tools_tools,97,15903.95,0.12,154.41,4.44
food_drink,221,14942.88,0.11,55.55,4.37
fashion_male_clothing,105,10427.43,0.08,84.09,3.78
fashion_underwear_beach,117,9305.95,0.07,73.28,4.05
christmas_supplies,125,8737.84,0.07,58.25,4.07
tablets_printing_image,79,7528.41,0.06,90.7,4.12
cine_photo,63,6674.47,0.05,95.35,4.29
music,38,6034.35,0.05,158.8,4.21
dvds_blu_ray,56,4542.59,0.03,74.47,4.18
party_supplies,38,4465.19,0.03,106.31,3.83
books_imported,50,4418.86,0.03,77.52,4.51
furniture_mattress_and_upholstery,37,4323.38,0.03,116.85,3.89
fashio_female_clothing,35,2580.04,0.02,58.64,3.91
fashion_sport,26,2094.52,0.02,72.22,4.34
la_cuisine,13,2054.99,0.02,146.79,4.0
arts_and_craftmanship,23,1814.01,0.01,75.58,4.13
diapers_and_hygiene,24,1365.89,0.01,37.94,3.33
flowers,29,1110.04,0.01,33.64,4.42
home_comfort_2,24,760.27,0.01,25.34,3.63
cds_dvds_musicals,12,730.0,0.01,52.14,4.64
fashion_childrens_clothes,7,519.95,0.0,74.28,5.0
security_and_services,2,283.29,0.0,141.65,2.5
