eyalet,siparis_sayisi,ciro,ort_teslimat_gunu,gec_teslimat_yuzde,ort_musteri_puani
SP,40399,5054516.95,8.7,4.5,4.25
RJ,12310,1751433.85,15.3,12.1,3.97
MG,11319,1548206.88,12.0,4.6,4.19
RS,5327,726194.92,15.3,6.1,4.19
PR,4903,664048.0,12.0,4.1,4.24
SC,3537,504774.07,14.9,8.2,4.13
BA,3253,493339.26,19.3,12.2,3.93
DF,2074,295454.64,12.9,5.7,4.14
GO,1950,281932.21,15.6,6.6,4.1
ES,1992,267783.66,15.8,10.7,4.08
PE,1587,250639.89,18.4,9.6,4.08
CE,1273,218107.7,21.2,13.8,3.94
PA,942,173382.99,23.8,11.3,3.91
MT,885,152143.82,18.1,6.0,4.15
MA,713,116305.12,21.5,17.5,3.83
MS,701,115429.97,15.6,9.7,4.16
PB,516,112536.92,20.4,10.5,4.07
PI,475,84511.0,19.4,13.9,3.99
RN,470,81376.97,19.2,9.4,4.14
AL,396,78805.73,24.5,21.5,3.85
SE,332,56288.74,21.4,15.4,3.9
TO,274,48402.51,17.7,9.9,4.15
RO,243,45682.76,19.4,2.9,4.17
AM,145,22155.84,26.4,2.8,4.24
AC,80,15930.97,21.0,3.8,4.09
AP,67,13374.81,27.2,3.0,4.24
RR,40,7017.77,29.9,12.5,3.9
