gun_no,saat,siparis_sayisi
0,0,256
0,1,137
0,2,68
0,3,41
0,4,27
0,5,26
0,6,30
0,7,102
0,8,202
0,9,341
0,10,513
0,11,703
0,12,651
0,13,699
0,14,660
0,15,695
0,16,688
0,17,777
0,18,875
0,19,881
0,20,944
0,21,863
0,22,849
0,23,587
1,0,314
1,1,132
1,2,62
1,3,34
1,4,19
1,5,22
1,6,64
1,7,155
1,8,470
1,9,750
1,10,996
1,11,1048
1,12,941
1,13,999
1,14,1061
1,15,1041
1,16,1055
1,17,953
1,18,889
1,19,920
1,20,998
1,21,1082
1,22,958
1,23,697
2,0,300
2,1,151
2,2,79
2,3,28
2,4,28
2,5,24
2,6,69
2,7,216
2,8,510
2,9,842
2,10,938
2,11,1022
2,12,872
2,13,1003
2,14,1091
2,15,999
2,16,1054
2,17,941
2,18,849
2,19,890
2,20,945
2,21,992
2,22,935
2,23,671
3,0,384
3,1,171
3,2,81
3,3,31
3,4,33
3,5,24
3,6,91
3,7,207
3,8,493
3,9,796
3,10,1007
3,11,1026
3,12,893
3,13,989
3,14,1025
3,15,950
3,16,1008
3,17,939
3,18,818
3,19,821
3,20,877
3,21,926
3,22,852
3,23,599
4,0,344
4,1,165
4,2,73
4,3,38
4,4,30
4,5,28
4,6,82
4,7,209
4,8,493
4,9,733
4,10,953
4,11,926
4,12,936
4,13,950
4,14,950
4,15,899
4,16,1039
4,17,878
4,18,756
4,19,796
4,20,813
4,21,826
4,22,832
4,23,532
5,0,411
5,1,210
5,2,65
5,3,46
5,4,39
5,5,35
5,6,91
5,7,203
5,8,485
5,9,752
5,10,919
5,11,957
5,12,827
5,13,968
5,14,933
5,15,947
5,16,941
5,17,788
5,18,697
5,19,755
5,20,714
5,21,697
5,22,672
5,23,494
6,0,308
6,1,166
6,2,64
6,3,41
6,4,24
6,5,23
6,6,51
6,7,102
6,8,243
6,9,419
6,10,631
6,11,685
6,12,667
6,13,685
6,14,648
6,15,696
6,16,675
6,17,672
6,18,691
6,19,729
6,20,705
6,21,641
6,22,532
6,23,421
